<?xml version="1.0" encoding="UTF-8"?>
<BaliMessageLog>
    <Task name="Synthesis">
        <Message>
            <ID>35831026</ID>
            <Severity>16</Severity>
        </Message>
        <Message>
            <ID>35935050</ID>
            <Severity>16</Severity>
            <Dynamic>TRIM9</Dynamic>
        </Message>
        <Message>
            <ID>35935050</ID>
            <Severity>16</Severity>
            <Dynamic>TRIM8</Dynamic>
        </Message>
        <Message>
            <ID>35935050</ID>
            <Severity>16</Severity>
            <Dynamic>TRIM7</Dynamic>
        </Message>
        <Message>
            <ID>35935050</ID>
            <Severity>16</Severity>
            <Dynamic>TRIM6</Dynamic>
        </Message>
        <Message>
            <ID>35935050</ID>
            <Severity>16</Severity>
            <Dynamic>TRIM5</Dynamic>
        </Message>
        <Message>
            <ID>35935050</ID>
            <Severity>16</Severity>
            <Dynamic>TRIM4</Dynamic>
        </Message>
        <Message>
            <ID>35935050</ID>
            <Severity>16</Severity>
            <Dynamic>TRIM3</Dynamic>
        </Message>
        <Message>
            <ID>35935050</ID>
            <Severity>16</Severity>
            <Dynamic>TRIM2</Dynamic>
        </Message>
        <Message>
            <ID>35935050</ID>
            <Severity>16</Severity>
            <Dynamic>TRIM1</Dynamic>
        </Message>
        <Message>
            <ID>35935050</ID>
            <Severity>16</Severity>
            <Dynamic>TRIM0</Dynamic>
        </Message>
        <Message>
            <ID>35935050</ID>
            <Severity>16</Severity>
            <Dynamic>I</Dynamic>
        </Message>
        <Message>
            <ID>35901018</ID>
            <Severity>1</Severity>
            <Dynamic>C:/Users/jonat/my_designs/Finalproj/mypll/rtl/mypll.v(11): </Dynamic>
            <Dynamic>mypll</Dynamic>
            <Navigation>C:/Users/jonat/my_designs/Finalproj/mypll/rtl/mypll.v</Navigation>
            <Navigation>11</Navigation>
        </Message>
        <Message>
            <ID>35901018</ID>
            <Severity>1</Severity>
            <Dynamic>C:/Users/jonat/my_designs/Finalproj/mypll/rtl/mypll.v(105): </Dynamic>
            <Dynamic>mypll_ipgen_lscc_pll(DIVR=&quot;0&quot;,DIVF=&quot;66&quot;,DIVQ=&quot;5&quot;,FILTER_RANGE=&quot;1&quot;,PLLOUT_SELECT_PORTA=&quot;GENCLK&quot;,PLLOUT_SELECT_PORTB=&quot;GENCLK&quot;,FREQUENCY_PIN_REFERENCECLK=&quot;12.000000&quot;)</Dynamic>
            <Navigation>C:/Users/jonat/my_designs/Finalproj/mypll/rtl/mypll.v</Navigation>
            <Navigation>105</Navigation>
        </Message>
        <Message>
            <ID>35901018</ID>
            <Severity>1</Severity>
            <Dynamic>C:/lscc/radiant/2023.1/ispfpga/../cae_library/synthesis/verilog/iCE40UP.v(428): </Dynamic>
            <Dynamic>PLL_B(PLLOUT_SELECT_PORTA=&quot;GENCLK&quot;,PLLOUT_SELECT_PORTB=&quot;GENCLK&quot;,DIVF=&quot;66&quot;,DIVQ=&quot;5&quot;,FILTER_RANGE=&quot;1&quot;,FREQUENCY_PIN_REFERENCECLK=&quot;12.000000&quot;)</Dynamic>
            <Navigation>C:/lscc/radiant/2023.1/ispfpga/../cae_library/synthesis/verilog/iCE40UP.v</Navigation>
            <Navigation>428</Navigation>
        </Message>
        <Message>
            <ID>35935049</ID>
            <Severity>16</Severity>
            <Dynamic>sclk_i</Dynamic>
        </Message>
        <Message>
            <ID>35935049</ID>
            <Severity>16</Severity>
            <Dynamic>sdi_i</Dynamic>
        </Message>
        <Message>
            <ID>35831038</ID>
            <Severity>1</Severity>
            <Dynamic>Top</Dynamic>
        </Message>
        <Message>
            <ID>35831026</ID>
            <Severity>16</Severity>
        </Message>
        <Message>
            <ID>35935050</ID>
            <Severity>16</Severity>
            <Dynamic>TRIM9</Dynamic>
        </Message>
        <Message>
            <ID>35935050</ID>
            <Severity>16</Severity>
            <Dynamic>TRIM8</Dynamic>
        </Message>
        <Message>
            <ID>35935050</ID>
            <Severity>16</Severity>
            <Dynamic>TRIM7</Dynamic>
        </Message>
        <Message>
            <ID>35935050</ID>
            <Severity>16</Severity>
            <Dynamic>TRIM6</Dynamic>
        </Message>
        <Message>
            <ID>35935050</ID>
            <Severity>16</Severity>
            <Dynamic>TRIM5</Dynamic>
        </Message>
        <Message>
            <ID>35935050</ID>
            <Severity>16</Severity>
            <Dynamic>TRIM4</Dynamic>
        </Message>
        <Message>
            <ID>35935050</ID>
            <Severity>16</Severity>
            <Dynamic>TRIM3</Dynamic>
        </Message>
        <Message>
            <ID>35935050</ID>
            <Severity>16</Severity>
            <Dynamic>TRIM2</Dynamic>
        </Message>
        <Message>
            <ID>35935050</ID>
            <Severity>16</Severity>
            <Dynamic>TRIM1</Dynamic>
        </Message>
        <Message>
            <ID>35935050</ID>
            <Severity>16</Severity>
            <Dynamic>TRIM0</Dynamic>
        </Message>
        <Message>
            <ID>35935050</ID>
            <Severity>16</Severity>
            <Dynamic>I</Dynamic>
        </Message>
        <Message>
            <ID>35901018</ID>
            <Severity>1</Severity>
            <Dynamic>mypll.v(63): </Dynamic>
            <Dynamic>mypll</Dynamic>
            <Navigation>mypll.v</Navigation>
            <Navigation>63</Navigation>
        </Message>
        <Message>
            <ID>35935049</ID>
            <Severity>16</Severity>
            <Dynamic>clk</Dynamic>
        </Message>
        <Message>
            <ID>35935049</ID>
            <Severity>16</Severity>
            <Dynamic>row_idx[5]</Dynamic>
        </Message>
        <Message>
            <ID>35935049</ID>
            <Severity>16</Severity>
            <Dynamic>row_idx[4]</Dynamic>
        </Message>
        <Message>
            <ID>35935049</ID>
            <Severity>16</Severity>
            <Dynamic>row_idx[3]</Dynamic>
        </Message>
        <Message>
            <ID>35935049</ID>
            <Severity>16</Severity>
            <Dynamic>row_idx[2]</Dynamic>
        </Message>
        <Message>
            <ID>35935049</ID>
            <Severity>16</Severity>
            <Dynamic>row_idx[1]</Dynamic>
        </Message>
        <Message>
            <ID>35935049</ID>
            <Severity>16</Severity>
            <Dynamic>row_idx[0]</Dynamic>
        </Message>
        <Message>
            <ID>35935049</ID>
            <Severity>16</Severity>
            <Dynamic>col_idx[6]</Dynamic>
        </Message>
        <Message>
            <ID>35935049</ID>
            <Severity>16</Severity>
            <Dynamic>col_idx[5]</Dynamic>
        </Message>
        <Message>
            <ID>35935049</ID>
            <Severity>16</Severity>
            <Dynamic>col_idx[4]</Dynamic>
        </Message>
        <Message>
            <ID>35935049</ID>
            <Severity>16</Severity>
            <Dynamic>col_idx[3]</Dynamic>
        </Message>
        <Message>
            <ID>35935049</ID>
            <Severity>16</Severity>
            <Dynamic>col_idx[2]</Dynamic>
        </Message>
        <Message>
            <ID>35935049</ID>
            <Severity>16</Severity>
            <Dynamic>col_idx[1]</Dynamic>
        </Message>
        <Message>
            <ID>35935049</ID>
            <Severity>16</Severity>
            <Dynamic>col_idx[0]</Dynamic>
        </Message>
        <Message>
            <ID>35935050</ID>
            <Severity>16</Severity>
            <Dynamic>clk</Dynamic>
        </Message>
        <Message>
            <ID>35001786</ID>
            <Severity>1</Severity>
        </Message>
        <Message>
            <ID>35935050</ID>
            <Severity>16</Severity>
            <Dynamic>TRIM9</Dynamic>
        </Message>
        <Message>
            <ID>35935050</ID>
            <Severity>16</Severity>
            <Dynamic>TRIM8</Dynamic>
        </Message>
        <Message>
            <ID>35935050</ID>
            <Severity>16</Severity>
            <Dynamic>TRIM7</Dynamic>
        </Message>
        <Message>
            <ID>35935050</ID>
            <Severity>16</Severity>
            <Dynamic>TRIM6</Dynamic>
        </Message>
        <Message>
            <ID>35935050</ID>
            <Severity>16</Severity>
            <Dynamic>TRIM5</Dynamic>
        </Message>
        <Message>
            <ID>35935050</ID>
            <Severity>16</Severity>
            <Dynamic>TRIM4</Dynamic>
        </Message>
        <Message>
            <ID>35935050</ID>
            <Severity>16</Severity>
            <Dynamic>TRIM3</Dynamic>
        </Message>
        <Message>
            <ID>35935050</ID>
            <Severity>16</Severity>
            <Dynamic>TRIM2</Dynamic>
        </Message>
        <Message>
            <ID>35935050</ID>
            <Severity>16</Severity>
            <Dynamic>TRIM1</Dynamic>
        </Message>
        <Message>
            <ID>35935050</ID>
            <Severity>16</Severity>
            <Dynamic>TRIM0</Dynamic>
        </Message>
        <Message>
            <ID>35935050</ID>
            <Severity>16</Severity>
            <Dynamic>I</Dynamic>
        </Message>
        <Message>
            <ID>35921014</ID>
            <Severity>1</Severity>
            <Dynamic>c:/lscc/radiant/2023.1/ip/pmi/pmi_ice40up.vhd(4): </Dynamic>
            <Dynamic>components</Dynamic>
            <Navigation>c:/lscc/radiant/2023.1/ip/pmi/pmi_ice40up.vhd</Navigation>
            <Navigation>4</Navigation>
        </Message>
        <Message>
            <ID>35921012</ID>
            <Severity>1</Severity>
            <Dynamic>c:/users/jonat/my_designs/finalproj/source/impl_1/top.vhd(5): </Dynamic>
            <Dynamic>top</Dynamic>
            <Navigation>c:/users/jonat/my_designs/finalproj/source/impl_1/top.vhd</Navigation>
            <Navigation>5</Navigation>
        </Message>
        <Message>
            <ID>35921010</ID>
            <Severity>1</Severity>
            <Dynamic>c:/users/jonat/my_designs/finalproj/source/impl_1/top.vhd(15): </Dynamic>
            <Dynamic>synth</Dynamic>
            <Navigation>c:/users/jonat/my_designs/finalproj/source/impl_1/top.vhd</Navigation>
            <Navigation>15</Navigation>
        </Message>
        <Message>
            <ID>35921012</ID>
            <Severity>1</Severity>
            <Dynamic>c:/users/jonat/my_designs/finalproj/source/impl_1/vga.vhd(5): </Dynamic>
            <Dynamic>vga</Dynamic>
            <Navigation>c:/users/jonat/my_designs/finalproj/source/impl_1/vga.vhd</Navigation>
            <Navigation>5</Navigation>
        </Message>
        <Message>
            <ID>35921010</ID>
            <Severity>1</Severity>
            <Dynamic>c:/users/jonat/my_designs/finalproj/source/impl_1/vga.vhd(16): </Dynamic>
            <Dynamic>synth</Dynamic>
            <Navigation>c:/users/jonat/my_designs/finalproj/source/impl_1/vga.vhd</Navigation>
            <Navigation>16</Navigation>
        </Message>
        <Message>
            <ID>35921012</ID>
            <Severity>1</Severity>
            <Dynamic>c:/users/jonat/my_designs/finalproj/source/impl_1/start_pattern.vhd(6): </Dynamic>
            <Dynamic>pattern_gen</Dynamic>
            <Navigation>c:/users/jonat/my_designs/finalproj/source/impl_1/start_pattern.vhd</Navigation>
            <Navigation>6</Navigation>
        </Message>
        <Message>
            <ID>35921010</ID>
            <Severity>1</Severity>
            <Dynamic>c:/users/jonat/my_designs/finalproj/source/impl_1/start_pattern.vhd(15): </Dynamic>
            <Dynamic>synth</Dynamic>
            <Navigation>c:/users/jonat/my_designs/finalproj/source/impl_1/start_pattern.vhd</Navigation>
            <Navigation>15</Navigation>
        </Message>
        <Message>
            <ID>35921012</ID>
            <Severity>1</Severity>
            <Dynamic>c:/users/jonat/my_designs/finalproj/source/impl_1/background_rom.vhd(6): </Dynamic>
            <Dynamic>background_rom</Dynamic>
            <Navigation>c:/users/jonat/my_designs/finalproj/source/impl_1/background_rom.vhd</Navigation>
            <Navigation>6</Navigation>
        </Message>
        <Message>
            <ID>35921010</ID>
            <Severity>1</Severity>
            <Dynamic>c:/users/jonat/my_designs/finalproj/source/impl_1/background_rom.vhd(15): </Dynamic>
            <Dynamic>synth</Dynamic>
            <Navigation>c:/users/jonat/my_designs/finalproj/source/impl_1/background_rom.vhd</Navigation>
            <Navigation>15</Navigation>
        </Message>
        <Message>
            <ID>35935049</ID>
            <Severity>16</Severity>
            <Dynamic>sclk_i</Dynamic>
        </Message>
        <Message>
            <ID>35935049</ID>
            <Severity>16</Severity>
            <Dynamic>sdi_i</Dynamic>
        </Message>
        <Message>
            <ID>35935049</ID>
            <Severity>16</Severity>
            <Dynamic>clk</Dynamic>
        </Message>
        <Message>
            <ID>35935049</ID>
            <Severity>16</Severity>
            <Dynamic>row_idx[5]</Dynamic>
        </Message>
        <Message>
            <ID>35935049</ID>
            <Severity>16</Severity>
            <Dynamic>row_idx[4]</Dynamic>
        </Message>
        <Message>
            <ID>35935049</ID>
            <Severity>16</Severity>
            <Dynamic>row_idx[3]</Dynamic>
        </Message>
        <Message>
            <ID>35935049</ID>
            <Severity>16</Severity>
            <Dynamic>row_idx[2]</Dynamic>
        </Message>
        <Message>
            <ID>35935049</ID>
            <Severity>16</Severity>
            <Dynamic>row_idx[1]</Dynamic>
        </Message>
        <Message>
            <ID>35935049</ID>
            <Severity>16</Severity>
            <Dynamic>row_idx[0]</Dynamic>
        </Message>
        <Message>
            <ID>35935049</ID>
            <Severity>16</Severity>
            <Dynamic>col_idx[6]</Dynamic>
        </Message>
        <Message>
            <ID>35935049</ID>
            <Severity>16</Severity>
            <Dynamic>col_idx[5]</Dynamic>
        </Message>
        <Message>
            <ID>35935049</ID>
            <Severity>16</Severity>
            <Dynamic>col_idx[4]</Dynamic>
        </Message>
        <Message>
            <ID>35935049</ID>
            <Severity>16</Severity>
            <Dynamic>col_idx[3]</Dynamic>
        </Message>
        <Message>
            <ID>35935049</ID>
            <Severity>16</Severity>
            <Dynamic>col_idx[2]</Dynamic>
        </Message>
        <Message>
            <ID>35935049</ID>
            <Severity>16</Severity>
            <Dynamic>col_idx[1]</Dynamic>
        </Message>
        <Message>
            <ID>35935049</ID>
            <Severity>16</Severity>
            <Dynamic>col_idx[0]</Dynamic>
        </Message>
        <Message>
            <ID>35935050</ID>
            <Severity>16</Severity>
            <Dynamic>clk</Dynamic>
        </Message>
        <Message>
            <ID>35935050</ID>
            <Severity>16</Severity>
            <Dynamic>clk</Dynamic>
        </Message>
        <Message>
            <ID>35935049</ID>
            <Severity>16</Severity>
            <Dynamic>sclk_i</Dynamic>
        </Message>
        <Message>
            <ID>35935049</ID>
            <Severity>16</Severity>
            <Dynamic>sdi_i</Dynamic>
        </Message>
        <Message>
            <ID>35935050</ID>
            <Severity>16</Severity>
            <Dynamic>clk</Dynamic>
        </Message>
    </Task>
</BaliMessageLog>